0,kevin,kevin@gmail.com
1,mike,mike@gmail.com
2,Yuki,yuki@gmail.com
3,Joey,joey@gmail.com
4,Yelena,yelena@gmail.com
5,Delila,delila@gmail.com
